Film name,Date,Daily Gross,Gross To Date
X-Men,2000-07-14,"$20,785,331","$20,785,331"
X-Men,2000-07-15,"$19,280,099","$40,065,430"
X-Men,2000-07-16,"$14,406,045","$54,471,475"
X-Men,2000-07-17,"$6,332,165","$60,803,640"
X-Men,2000-07-18,"$5,848,103","$66,651,743"
X-Men,2000-07-19,"$4,861,000","$71,512,743"
X-Men,2000-07-20,"$4,337,316","$75,850,059"
X-Men,2000-07-21,"$7,144,093","$82,994,152"
X-Men,2000-07-22,"$9,456,850","$92,451,002"
X-Men,2000-07-23,"$6,867,706","$99,318,708"
X-Men,2000-07-24,"$2,909,113","$102,227,821"
X-Men,2000-07-25,"$2,985,804","$105,213,625"
X-Men,2000-07-26,"$2,523,709","$107,737,334"
X-Men,2000-07-27,"$2,518,720","$110,256,054"
X-Men,2000-07-28,"$3,644,174","$113,900,228"
X-Men,2000-07-29,"$5,048,181","$118,948,409"
X-Men,2000-07-30,"$3,988,799","$122,937,208"
X-Men,2000-07-31,"$1,702,033","$124,639,241"
X-Men,2000-08-01,"$1,872,869","$126,512,110"
X-Men,2000-08-02,"$1,489,870","$128,001,980"
X-Men,2000-08-03,"$1,474,133","$129,476,113"
X-Men,2000-08-04,"$1,897,744","$131,373,857"
X-Men,2000-08-05,"$2,641,308","$134,015,165"
X-Men,2000-08-06,"$2,223,326","$136,238,491"
X-Men,2000-08-07,"$985,955","$137,224,446"
X-Men,2000-08-08,"$931,784","$138,156,230"
X-Men,2000-08-09,"$822,409","$138,978,639"
X-Men,2000-08-10,"$803,433","$139,782,072"
X-Men,2000-08-11,"$1,161,255","$140,943,327"
X-Men,2000-08-12,"$1,695,442","$142,638,769"
X-Men,2000-08-13,"$1,279,766","$143,918,535"
X-Men,2000-08-14,"$590,113","$144,508,648"
X-Men,2000-08-15,"$578,821","$145,087,469"
X-Men,2000-08-16,"$501,924","$145,589,393"
X-Men,2000-08-17,"$508,084","$146,097,477"
X-Men,2000-08-18,"$740,231","$146,837,708"
X-Men,2000-08-19,"$1,035,853","$147,873,561"
X-Men,2000-08-20,"$746,079","$148,619,640"
X-Men,2000-08-21,"$318,857","$148,938,497"
X-Men,2000-08-22,"$352,505","$149,291,002"
X-Men,2000-08-23,"$285,122","$149,576,124"
X-Men,2000-08-24,"$286,662","$149,862,786"
X-Men,2000-08-25,"$366,298","$150,229,084"
X-Men,2000-08-26,"$590,459","$150,819,543"
X-Men,2000-08-27,"$412,956","$151,232,499"
X-Men,2000-08-28,"$158,591","$151,391,090"
X-Men,2000-08-29,"$179,892","$151,570,982"
X-Men,2000-08-30,"$147,269","$151,718,251"
X-Men,2000-08-31,"$148,373","$151,866,624"
X-Men,2000-09-01,"$249,227","$152,115,851"
X-Men,2000-09-02,"$428,757","$152,544,608"
X-Men,2000-09-03,"$387,527","$152,932,135"
X-Men,2000-09-04,"$325,476","$153,257,611"
X-Men,2000-09-05,"$83,202","$153,340,813"
X-Men,2000-09-06,"$62,685","$153,403,498"
X-Men,2000-09-07,"$54,106","$153,457,604"
X-Men,2000-09-08,"$139,741","$153,597,345"
X-Men,2000-09-09,"$267,138","$153,864,483"
X-Men,2000-09-10,"$167,750","$154,032,233"
X-Men,2000-09-11,"$41,446","$154,073,679"
X-Men,2000-09-12,"$49,777","$154,123,456"
X-Men,2000-09-13,"$39,726","$154,163,182"
X-Men,2000-09-14,"$40,735","$154,203,917"
X-Men,2000-09-15,"$119,086","$154,323,003"
X-Men,2000-09-16,"$224,592","$154,547,595"
X-Men,2000-09-17,"$133,162","$154,680,757"
X-Men,2000-09-18,"$35,001","$154,715,758"
X-Men,2000-09-19,"$38,996","$154,754,754"
X-Men,2000-09-20,"$33,801","$154,788,555"
X-Men,2000-09-21,"$30,047","$154,818,602"
X-Men,2000-09-22,"$102,724","$154,921,326"
X-Men,2000-09-23,"$208,585","$155,129,911"
X-Men,2000-09-24,"$120,058","$155,249,969"
X-Men,2000-09-25,"$29,955","$155,279,924"
X-Men,2000-09-26,"$31,342","$155,311,266"
X-Men,2000-09-27,"$27,554","$155,338,820"
X-Men,2000-09-28,"$28,315","$155,367,135"
X-Men,2000-09-29,"$88,250","$155,455,385"
X-Men,2000-09-30,"$165,117","$155,620,502"
X-Men,2000-10-01,"$100,682","$155,721,184"
X-Men,2000-10-02,"$25,478","$155,746,662"
X-Men,2000-10-03,"$25,655","$155,772,317"
X-Men,2000-10-04,"$24,359","$155,796,676"
X-Men,2000-10-05,"$27,209","$155,823,885"
X-Men,2000-10-06,"$87,275","$155,911,160"
X-Men,2000-10-07,"$148,914","$156,060,074"
X-Men,2000-10-08,"$104,755","$156,164,829"
X-Men,2000-10-09,"$51,193","$156,216,022"
X-Men,2000-10-10,"$28,469","$156,244,491"
X-Men,2000-10-11,"$24,686","$156,269,177"
X-Men,2000-10-12,"$26,135","$156,295,312"
X-Men,2000-10-13,"$55,855","$156,351,167"
X-Men,2000-10-14,"$95,540","$156,446,707"
X-Men,2000-10-15,"$60,620","$156,507,327"
X-Men,2000-10-16,"$16,945","$156,524,272"
X-Men,2000-10-17,"$15,566","$156,539,838"
X-Men,2000-10-18,"$14,006","$156,553,844"
X-Men,2000-10-19,"$16,564","$156,570,408"
X-Men,2000-10-20,"$40,770","$156,611,178"
X-Men,2000-10-21,"$71,168","$156,682,346"
X-Men,2000-10-22,"$45,813","$156,728,159"
X-Men,2000-10-23,"$14,487","$156,742,646"
X-Men,2000-10-24,"$14,193","$156,756,839"
X-Men,2000-10-25,"$12,683","$156,769,522"
X-Men,2000-10-26,"$12,700","$156,782,222"
X-Men,2000-10-27,"$28,486","$156,810,708"
X-Men,2000-10-28,"$46,849","$156,857,557"
X-Men,2000-10-29,"$32,296","$156,889,853"
X-Men,2000-10-30,"$9,627","$156,899,480"
X-Men,2000-10-31,"$9,485","$156,908,965"
X-Men,2000-11-01,"$9,859","$156,918,824"
X-Men,2000-11-02,"$10,023","$156,928,847"
X2: X-Men United,2003-05-02,"$31,247,979","$31,247,979"
X2: X-Men United,2003-05-03,"$32,000,629","$63,248,608"
X2: X-Men United,2003-05-04,"$22,310,123","$85,558,731"
X2: X-Men United,2003-05-05,"$6,549,717","$92,108,448"
X2: X-Men United,2003-05-06,"$6,037,803","$98,146,251"
X2: X-Men United,2003-05-07,"$4,896,464","$103,042,715"
X2: X-Men United,2003-05-08,"$4,602,146","$107,644,861"
X2: X-Men United,2003-05-09,"$12,372,432","$120,017,293"
X2: X-Men United,2003-05-10,"$17,108,345","$137,125,638"
X2: X-Men United,2003-05-11,"$10,551,383","$147,677,021"
X2: X-Men United,2003-05-12,"$3,002,778","$150,679,799"
X2: X-Men United,2003-05-13,"$2,585,342","$153,265,141"
X2: X-Men United,2003-05-14,"$2,038,254","$155,303,395"
X2: X-Men United,2003-05-15,"$1,567,343","$156,870,738"
X2: X-Men United,2003-05-16,"$5,004,547","$161,875,285"
X2: X-Men United,2003-05-17,"$7,485,043","$169,360,328"
X2: X-Men United,2003-05-18,"$4,811,697","$174,172,025"
X2: X-Men United,2003-05-19,"$1,361,997","$175,534,022"
X2: X-Men United,2003-05-20,"$1,107,688","$176,641,710"
X2: X-Men United,2003-05-21,"$1,069,804","$177,711,514"
X2: X-Men United,2003-05-22,"$1,248,931","$178,960,445"
X2: X-Men United,2003-05-23,"$2,682,655","$181,643,100"
X2: X-Men United,2003-05-24,"$4,220,028","$185,863,128"
X2: X-Men United,2003-05-25,"$3,595,999","$189,459,127"
X2: X-Men United,2003-05-26,"$2,738,716","$192,197,843"
X2: X-Men United,2003-05-27,"$720,868","$192,918,711"
X2: X-Men United,2003-05-28,"$668,365","$193,587,076"
X2: X-Men United,2003-05-29,"$681,018","$194,268,094"
X2: X-Men United,2003-05-30,"$1,366,650","$195,634,744"
X2: X-Men United,2003-05-31,"$2,236,187","$197,870,931"
X2: X-Men United,2003-06-01,"$1,494,106","$199,365,037"
X2: X-Men United,2003-06-02,"$451,977","$199,817,014"
X2: X-Men United,2003-06-03,"$505,284","$200,322,298"
X2: X-Men United,2003-06-04,"$460,087","$200,782,385"
X2: X-Men United,2003-06-05,"$474,274","$201,256,659"
X2: X-Men United,2003-06-06,"$843,455","$202,100,114"
X2: X-Men United,2003-06-07,"$1,306,378","$203,406,492"
X2: X-Men United,2003-06-08,"$856,810","$204,263,302"
X2: X-Men United,2003-06-09,"$306,411","$204,569,713"
X2: X-Men United,2003-06-10,"$326,523","$204,896,236"
X2: X-Men United,2003-06-11,"$315,109","$205,211,345"
X2: X-Men United,2003-06-12,"$353,725","$205,565,070"
X2: X-Men United,2003-06-13,"$482,223","$206,047,293"
X2: X-Men United,2003-06-14,"$689,153","$206,736,446"
X2: X-Men United,2003-06-15,"$569,153","$207,305,599"
X2: X-Men United,2003-06-16,"$221,260","$207,526,859"
X2: X-Men United,2003-06-17,"$241,941","$207,768,800"
X2: X-Men United,2003-06-18,"$255,766","$208,024,566"
X2: X-Men United,2003-06-19,"$253,097","$208,277,663"
X2: X-Men United,2003-06-20,"$421,354","$208,699,017"
X2: X-Men United,2003-06-21,"$548,124","$209,247,141"
X2: X-Men United,2003-06-22,"$381,518","$209,628,659"
X2: X-Men United,2003-06-23,"$177,050","$209,805,709"
X2: X-Men United,2003-06-24,"$194,678","$210,000,387"
X2: X-Men United,2003-06-25,"$183,864","$210,184,251"
X2: X-Men United,2003-06-26,"$201,459","$210,385,710"
X2: X-Men United,2003-06-27,"$264,471","$210,650,181"
X2: X-Men United,2003-06-28,"$375,549","$211,025,730"
X2: X-Men United,2003-06-29,"$292,176","$211,317,906"
X2: X-Men United,2003-06-30,"$169,360","$211,487,266"
X2: X-Men United,2003-07-01,"$158,096","$211,645,362"
X2: X-Men United,2003-07-02,"$134,560","$211,779,922"
X2: X-Men United,2003-07-03,"$173,763","$211,953,685"
X2: X-Men United,2003-07-04,"$275,352","$212,229,037"
X2: X-Men United,2003-07-05,"$492,683","$212,721,720"
X2: X-Men United,2003-07-06,"$375,689","$213,097,409"
X2: X-Men United,2003-07-07,"$178,897","$213,276,306"
X2: X-Men United,2003-07-08,"$186,429","$213,462,735"
X2: X-Men United,2003-07-09,"$94,628","$213,557,363"
X2: X-Men United,2003-07-10,"$96,301","$213,653,663"
X2: X-Men United,2003-07-11,"$66,278","$213,719,941"
X2: X-Men United,2003-07-12,"$90,227","$213,810,168"
X2: X-Men United,2003-07-13,"$61,131","$213,871,302"
X2: X-Men United,2003-07-14,"$29,824","$213,901,126"
X2: X-Men United,2003-07-15,"$38,247","$213,939,373"
X2: X-Men United,2003-07-16,"$34,641","$213,974,014"
X2: X-Men United,2003-07-17,"$33,656","$214,007,670"
X2: X-Men United,2003-07-18,"$50,085","$214,057,755"
X2: X-Men United,2003-07-19,"$69,618","$214,127,373"
X2: X-Men United,2003-07-20,"$54,302","$214,181,675"
X2: X-Men United,2003-07-21,"$27,127","$214,208,802"
X2: X-Men United,2003-07-22,"$29,916","$214,238,718"
X2: X-Men United,2003-07-23,"$28,431","$214,267,149"
X2: X-Men United,2003-07-24,"$26,397","$214,293,546"
X2: X-Men United,2003-07-25,"$33,394","$214,326,940"
X2: X-Men United,2003-07-26,"$47,086","$214,374,026"
X2: X-Men United,2003-07-27,"$37,669","$214,411,695"
X2: X-Men United,2003-07-28,"$19,926","$214,431,621"
X2: X-Men United,2003-07-29,"$19,556","$214,451,177"
X2: X-Men United,2003-07-30,"$19,061","$214,470,238"
X2: X-Men United,2003-07-31,"$18,504","$214,488,742"
X2: X-Men United,2003-08-01,"$28,586","$214,517,328"
X2: X-Men United,2003-08-02,"$41,164","$214,558,492"
X2: X-Men United,2003-08-03,"$32,931","$214,591,423"
X2: X-Men United,2003-08-04,"$16,138","$214,607,561"
X2: X-Men United,2003-08-05,"$17,228","$214,624,789"
X2: X-Men United,2003-08-06,"$15,367","$214,640,156"
X2: X-Men United,2003-08-07,"$15,345","$214,655,501"
X2: X-Men United,2003-08-08,"$19,458","$214,674,959"
X2: X-Men United,2003-08-09,"$30,938","$214,705,897"
X2: X-Men United,2003-08-10,"$22,430","$214,728,327"
X2: X-Men United,2003-08-11,"$11,127","$214,739,454"
X2: X-Men United,2003-08-12,"$12,211","$214,751,665"
X2: X-Men United,2003-08-13,"$9,705","$214,761,370"
X2: X-Men United,2003-08-14,"$10,397","$214,771,767"
X2: X-Men United,2003-08-15,"$10,782","$214,782,549"
X2: X-Men United,2003-08-16,"$18,438","$214,800,987"
X2: X-Men United,2003-08-17,"$12,168","$214,813,155"
X2: X-Men United,2003-08-18,"$4,556","$214,817,711"
X2: X-Men United,2003-08-19,"$6,533","$214,824,244"
X2: X-Men United,2003-08-20,"$6,223","$214,830,467"
X2: X-Men United,2003-08-21,"$5,726","$214,836,193"
X2: X-Men United,2003-08-22,"$9,313","$214,845,506"
X2: X-Men United,2003-08-23,"$14,193","$214,859,699"
X2: X-Men United,2003-08-24,"$9,625","$214,869,324"
X2: X-Men United,2003-08-25,"$4,405","$214,873,729"
X2: X-Men United,2003-08-26,"$4,120","$214,877,849"
X2: X-Men United,2003-08-27,"$3,577","$214,881,426"
X2: X-Men United,2003-08-28,"$3,285","$214,884,711"
X2: X-Men United,2003-08-29,"$3,960","$214,888,671"
X2: X-Men United,2003-08-30,"$6,512","$214,895,183"
X2: X-Men United,2003-08-31,"$6,169","$214,901,352"
X2: X-Men United,2003-09-01,"$5,861","$214,907,213"
X2: X-Men United,2003-09-02,"$2,048","$214,909,261"
X2: X-Men United,2003-09-03,"$1,561","$214,910,822"
X2: X-Men United,2003-09-04,"$1,645","$214,912,467"
X2: X-Men United,2003-09-05,"$4,999","$214,917,466"
X2: X-Men United,2003-09-06,"$8,294","$214,925,760"
X2: X-Men United,2003-09-07,"$4,317","$214,930,077"
X2: X-Men United,2003-09-08,"$1,934","$214,932,011"
X2: X-Men United,2003-09-09,"$1,985","$214,933,996"
X2: X-Men United,2003-09-10,"$1,348","$214,935,344"
X2: X-Men United,2003-09-11,"$2,166","$214,937,510"
X2: X-Men United,2003-09-12,"$1,830","$214,939,340"
X2: X-Men United,2003-09-13,"$3,212","$214,942,552"
X2: X-Men United,2003-09-14,"$1,510","$214,944,062"
X2: X-Men United,2003-09-15,$464,"$214,944,526"
X2: X-Men United,2003-09-16,$707,"$214,945,233"
X2: X-Men United,2003-09-17,$415,"$214,945,648"
X2: X-Men United,2003-09-18,$424,"$214,946,072"
X-Men: The Last Stand,2006-05-26,"$45,102,265","$45,102,265"
X-Men: The Last Stand,2006-05-27,"$31,997,843","$77,100,108"
X-Men: The Last Stand,2006-05-28,"$25,650,557","$102,750,665"
X-Men: The Last Stand,2006-05-29,"$20,110,492","$122,861,157"
X-Men: The Last Stand,2006-05-30,"$7,289,543","$130,150,700"
X-Men: The Last Stand,2006-05-31,"$5,805,109","$135,955,809"
X-Men: The Last Stand,2006-06-01,"$5,375,353","$141,331,162"
X-Men: The Last Stand,2006-06-02,"$10,309,481","$151,640,643"
X-Men: The Last Stand,2006-06-03,"$14,328,792","$165,969,435"
X-Men: The Last Stand,2006-06-04,"$9,378,974","$175,348,409"
X-Men: The Last Stand,2006-06-05,"$2,932,897","$178,281,306"
X-Men: The Last Stand,2006-06-06,"$3,025,777","$181,307,083"
X-Men: The Last Stand,2006-06-07,"$2,471,902","$183,778,985"
X-Men: The Last Stand,2006-06-08,"$2,387,089","$186,166,074"
X-Men: The Last Stand,2006-06-09,"$4,962,358","$191,128,432"
X-Men: The Last Stand,2006-06-10,"$6,699,418","$197,827,850"
X-Men: The Last Stand,2006-06-11,"$4,416,802","$202,244,652"
X-Men: The Last Stand,2006-06-12,"$1,668,518","$203,913,170"
X-Men: The Last Stand,2006-06-13,"$1,534,991","$205,448,161"
X-Men: The Last Stand,2006-06-14,"$1,511,075","$206,959,236"
X-Men: The Last Stand,2006-06-15,"$1,439,364","$208,398,600"
X-Men: The Last Stand,2006-06-16,"$2,235,937","$210,634,537"
X-Men: The Last Stand,2006-06-17,"$3,016,310","$213,650,847"
X-Men: The Last Stand,2006-06-18,"$2,568,006","$216,218,853"
X-Men: The Last Stand,2006-06-19,"$884,732","$217,103,585"
X-Men: The Last Stand,2006-06-20,"$860,270","$217,963,855"
X-Men: The Last Stand,2006-06-21,"$843,088","$218,806,943"
X-Men: The Last Stand,2006-06-22,"$857,269","$219,664,212"
X-Men: The Last Stand,2006-06-23,"$1,412,595","$221,076,807"
X-Men: The Last Stand,2006-06-24,"$1,962,601","$223,039,408"
X-Men: The Last Stand,2006-06-25,"$1,466,754","$224,506,162"
X-Men: The Last Stand,2006-06-26,"$625,454","$225,131,616"
X-Men: The Last Stand,2006-06-27,"$576,368","$225,707,984"
X-Men: The Last Stand,2006-06-28,"$381,059","$226,089,043"
X-Men: The Last Stand,2006-06-29,"$394,351","$226,483,394"
X-Men: The Last Stand,2006-06-30,"$613,322","$227,096,716"
X-Men: The Last Stand,2006-07-01,"$805,152","$227,901,868"
X-Men: The Last Stand,2006-07-02,"$789,135","$228,691,003"
X-Men: The Last Stand,2006-07-03,"$635,959","$229,326,962"
X-Men: The Last Stand,2006-07-04,"$478,930","$229,805,892"
X-Men: The Last Stand,2006-07-05,"$313,931","$230,119,823"
X-Men: The Last Stand,2006-07-06,"$293,582","$230,413,405"
X-Men: The Last Stand,2006-07-07,"$298,632","$230,712,037"
X-Men: The Last Stand,2006-07-08,"$377,866","$231,089,903"
X-Men: The Last Stand,2006-07-09,"$244,044","$231,333,947"
X-Men: The Last Stand,2006-07-10,"$113,372","$231,447,319"
X-Men: The Last Stand,2006-07-11,"$120,058","$231,567,377"
X-Men: The Last Stand,2006-07-12,"$119,782","$231,687,159"
X-Men: The Last Stand,2006-07-13,"$115,034","$231,802,193"
X-Men: The Last Stand,2006-07-14,"$146,998","$231,949,191"
X-Men: The Last Stand,2006-07-15,"$220,252","$232,169,443"
X-Men: The Last Stand,2006-07-16,"$160,539","$232,329,982"
X-Men: The Last Stand,2006-07-17,"$75,917","$232,405,899"
X-Men: The Last Stand,2006-07-18,"$78,265","$232,484,164"
X-Men: The Last Stand,2006-07-19,"$72,151","$232,556,315"
X-Men: The Last Stand,2006-07-20,"$74,830","$232,631,145"
X-Men: The Last Stand,2006-07-21,"$85,613","$232,716,758"
X-Men: The Last Stand,2006-07-22,"$131,498","$232,848,256"
X-Men: The Last Stand,2006-07-23,"$89,041","$232,937,297"
X-Men: The Last Stand,2006-07-24,"$42,982","$232,980,279"
X-Men: The Last Stand,2006-07-25,"$45,534","$233,025,813"
X-Men: The Last Stand,2006-07-26,"$43,085","$233,068,898"
X-Men: The Last Stand,2006-07-27,"$46,354","$233,115,252"
X-Men: The Last Stand,2006-07-28,"$73,915","$233,189,167"
X-Men: The Last Stand,2006-07-29,"$102,198","$233,291,365"
X-Men: The Last Stand,2006-07-30,"$78,494","$233,369,859"
X-Men: The Last Stand,2006-07-31,"$38,367","$233,408,226"
X-Men: The Last Stand,2006-08-01,"$43,918","$233,452,144"
X-Men: The Last Stand,2006-08-02,"$36,021","$233,488,165"
X-Men: The Last Stand,2006-08-03,"$36,485","$233,524,650"
X-Men: The Last Stand,2006-08-04,"$54,343","$233,578,993"
X-Men: The Last Stand,2006-08-05,"$76,448","$233,655,441"
X-Men: The Last Stand,2006-08-06,"$57,974","$233,713,415"
X-Men: The Last Stand,2006-08-07,"$28,925","$233,742,340"
X-Men: The Last Stand,2006-08-08,"$30,016","$233,772,356"
X-Men: The Last Stand,2006-08-09,"$27,777","$233,800,133"
X-Men: The Last Stand,2006-08-10,"$28,409","$233,828,542"
X-Men: The Last Stand,2006-08-11,"$41,801","$233,870,343"
X-Men: The Last Stand,2006-08-12,"$60,291","$233,930,634"
X-Men: The Last Stand,2006-08-13,"$41,570","$233,972,204"
X-Men: The Last Stand,2006-08-14,"$20,530","$233,992,734"
X-Men: The Last Stand,2006-08-15,"$20,905","$234,013,639"
X-Men: The Last Stand,2006-08-16,"$18,806","$234,032,445"
X-Men: The Last Stand,2006-08-17,"$18,976","$234,051,421"
X-Men: The Last Stand,2006-08-18,"$28,980","$234,080,401"
X-Men: The Last Stand,2006-08-19,"$42,098","$234,122,499"
X-Men: The Last Stand,2006-08-20,"$27,912","$234,150,411"
X-Men: The Last Stand,2006-08-21,"$11,929","$234,162,340"
X-Men: The Last Stand,2006-08-22,"$13,172","$234,175,512"
X-Men: The Last Stand,2006-08-23,"$12,404","$234,187,916"
X-Men: The Last Stand,2006-08-24,"$12,545","$234,200,461"
X-Men: The Last Stand,2006-08-25,"$12,677","$234,213,138"
X-Men: The Last Stand,2006-08-26,"$19,258","$234,232,396"
X-Men: The Last Stand,2006-08-27,"$13,352","$234,245,748"
X-Men: The Last Stand,2006-08-28,"$4,296","$234,250,044"
X-Men: The Last Stand,2006-08-29,"$4,377","$234,254,421"
X-Men: The Last Stand,2006-08-30,"$4,513","$234,258,934"
X-Men: The Last Stand,2006-08-31,"$4,691","$234,263,625"
X-Men: The Last Stand,2006-09-01,"$7,981","$234,271,606"
X-Men: The Last Stand,2006-09-02,"$13,288","$234,284,894"
X-Men: The Last Stand,2006-09-03,"$13,938","$234,298,832"
X-Men: The Last Stand,2006-09-04,"$8,113","$234,306,945"
X-Men: The Last Stand,2006-09-05,"$2,514","$234,309,459"
X-Men: The Last Stand,2006-09-06,"$2,141","$234,311,600"
X-Men: The Last Stand,2006-09-07,"$2,051","$234,313,651"
X-Men: The Last Stand,2006-09-08,"$4,139","$234,317,790"
X-Men: The Last Stand,2006-09-09,"$7,223","$234,325,013"
X-Men: The Last Stand,2006-09-10,"$4,398","$234,329,411"
X-Men: The Last Stand,2006-09-11,"$1,571","$234,330,982"
X-Men: The Last Stand,2006-09-12,"$2,518","$234,333,500"
X-Men: The Last Stand,2006-09-13,"$1,649","$234,335,149"
X-Men: The Last Stand,2006-09-14,"$1,927","$234,337,076"
X-Men Origins: Wolverine,2009-05-01,"$34,433,831","$34,433,831"
X-Men Origins: Wolverine,2009-05-02,"$29,323,711","$63,757,542"
X-Men Origins: Wolverine,2009-05-03,"$21,300,461","$85,058,003"
X-Men Origins: Wolverine,2009-05-04,"$5,451,023","$90,509,026"
X-Men Origins: Wolverine,2009-05-05,"$4,632,575","$95,141,601"
X-Men Origins: Wolverine,2009-05-06,"$4,011,209","$99,152,810"
X-Men Origins: Wolverine,2009-05-07,"$3,471,337","$102,624,147"
X-Men Origins: Wolverine,2009-05-08,"$8,317,835","$110,941,982"
X-Men Origins: Wolverine,2009-05-09,"$11,231,427","$122,173,409"
X-Men Origins: Wolverine,2009-05-10,"$6,859,026","$129,032,435"
X-Men Origins: Wolverine,2009-05-11,"$1,975,325","$131,007,760"
X-Men Origins: Wolverine,2009-05-12,"$1,894,749","$132,902,509"
X-Men Origins: Wolverine,2009-05-13,"$1,705,242","$134,607,751"
X-Men Origins: Wolverine,2009-05-14,"$1,682,993","$136,290,744"
X-Men Origins: Wolverine,2009-05-15,"$4,175,922","$140,466,666"
X-Men Origins: Wolverine,2009-05-16,"$6,442,453","$146,909,119"
X-Men Origins: Wolverine,2009-05-17,"$4,084,050","$150,993,169"
X-Men Origins: Wolverine,2009-05-18,"$1,425,181","$152,418,350"
X-Men Origins: Wolverine,2009-05-19,"$1,067,934","$153,486,284"
X-Men Origins: Wolverine,2009-05-20,"$956,416","$154,442,700"
X-Men Origins: Wolverine,2009-05-21,"$811,037","$155,253,737"
X-Men Origins: Wolverine,2009-05-22,"$2,250,228","$157,503,965"
X-Men Origins: Wolverine,2009-05-23,"$3,008,644","$160,512,609"
X-Men Origins: Wolverine,2009-05-24,"$2,811,685","$163,324,294"
X-Men Origins: Wolverine,2009-05-25,"$1,840,129","$165,164,423"
X-Men Origins: Wolverine,2009-05-26,"$649,051","$165,813,474"
X-Men Origins: Wolverine,2009-05-27,"$568,433","$166,381,907"
X-Men Origins: Wolverine,2009-05-28,"$588,428","$166,970,335"
X-Men Origins: Wolverine,2009-05-29,"$1,154,311","$168,124,646"
X-Men Origins: Wolverine,2009-05-30,"$1,695,755","$169,820,401"
X-Men Origins: Wolverine,2009-05-31,"$1,023,311","$170,843,712"
X-Men Origins: Wolverine,2009-06-01,"$383,984","$171,227,696"
X-Men Origins: Wolverine,2009-06-02,"$410,095","$171,637,791"
X-Men Origins: Wolverine,2009-06-03,"$393,875","$172,031,666"
X-Men Origins: Wolverine,2009-06-04,"$388,624","$172,420,290"
X-Men Origins: Wolverine,2009-06-05,"$603,433","$173,023,723"
X-Men Origins: Wolverine,2009-06-06,"$838,994","$173,862,717"
X-Men Origins: Wolverine,2009-06-07,"$484,669","$174,347,386"
X-Men Origins: Wolverine,2009-06-08,"$218,034","$174,565,420"
X-Men Origins: Wolverine,2009-06-09,"$217,635","$174,783,055"
X-Men Origins: Wolverine,2009-06-10,"$214,372","$174,997,427"
X-Men Origins: Wolverine,2009-06-11,"$219,506","$175,216,933"
X-Men Origins: Wolverine,2009-06-12,"$276,023","$175,492,956"
X-Men Origins: Wolverine,2009-06-13,"$397,429","$175,890,385"
X-Men Origins: Wolverine,2009-06-14,"$260,121","$176,150,506"
X-Men Origins: Wolverine,2009-06-15,"$120,180","$176,270,686"
X-Men Origins: Wolverine,2009-06-16,"$130,181","$176,400,867"
X-Men Origins: Wolverine,2009-06-17,"$122,980","$176,523,847"
X-Men Origins: Wolverine,2009-06-18,"$129,928","$176,653,775"
X-Men Origins: Wolverine,2009-06-19,"$180,387","$176,834,162"
X-Men Origins: Wolverine,2009-06-20,"$235,646","$177,069,808"
X-Men Origins: Wolverine,2009-06-21,"$219,097","$177,288,905"
X-Men Origins: Wolverine,2009-06-22,"$75,889","$177,364,794"
X-Men Origins: Wolverine,2009-06-23,"$74,708","$177,439,502"
X-Men Origins: Wolverine,2009-06-24,"$44,325","$177,483,827"
X-Men Origins: Wolverine,2009-06-25,"$42,825","$177,526,652"
X-Men Origins: Wolverine,2009-06-26,"$95,896","$177,622,548"
X-Men Origins: Wolverine,2009-06-27,"$127,815","$177,750,363"
X-Men Origins: Wolverine,2009-06-28,"$86,456","$177,836,819"
X-Men Origins: Wolverine,2009-06-29,"$45,442","$177,882,261"
X-Men Origins: Wolverine,2009-06-30,"$57,845","$177,940,106"
X-Men Origins: Wolverine,2009-07-01,"$48,197","$177,988,303"
X-Men Origins: Wolverine,2009-07-02,"$57,090","$178,045,393"
X-Men Origins: Wolverine,2009-07-03,"$121,705","$178,167,098"
X-Men Origins: Wolverine,2009-07-04,"$77,836","$178,244,934"
X-Men Origins: Wolverine,2009-07-05,"$96,811","$178,341,745"
X-Men Origins: Wolverine,2009-07-06,"$50,659","$178,392,404"
X-Men Origins: Wolverine,2009-07-07,"$55,115","$178,447,519"
X-Men Origins: Wolverine,2009-07-08,"$48,290","$178,495,809"
X-Men Origins: Wolverine,2009-07-09,"$49,743","$178,545,552"
X-Men Origins: Wolverine,2009-07-10,"$99,460","$178,645,012"
X-Men Origins: Wolverine,2009-07-11,"$116,492","$178,761,504"
X-Men Origins: Wolverine,2009-07-12,"$79,887","$178,841,391"
X-Men Origins: Wolverine,2009-07-13,"$41,006","$178,882,397"
X-Men Origins: Wolverine,2009-07-14,"$45,826","$178,928,223"
X-Men Origins: Wolverine,2009-07-15,"$35,521","$178,963,744"
X-Men Origins: Wolverine,2009-07-16,"$37,681","$179,001,425"
X-Men Origins: Wolverine,2009-07-17,"$57,953","$179,059,378"
X-Men Origins: Wolverine,2009-07-18,"$78,510","$179,137,888"
X-Men Origins: Wolverine,2009-07-19,"$55,633","$179,193,521"
X-Men Origins: Wolverine,2009-07-20,"$30,280","$179,223,801"
X-Men Origins: Wolverine,2009-07-21,"$36,045","$179,259,846"
X-Men Origins: Wolverine,2009-07-22,"$31,295","$179,291,141"
X-Men Origins: Wolverine,2009-07-23,"$33,281","$179,324,422"
X-Men Origins: Wolverine,2009-07-24,"$43,125","$179,367,547"
X-Men Origins: Wolverine,2009-07-25,"$58,822","$179,426,369"
X-Men Origins: Wolverine,2009-07-26,"$37,716","$179,464,085"
X-Men Origins: Wolverine,2009-07-27,"$21,870","$179,485,955"
X-Men Origins: Wolverine,2009-07-28,"$24,649","$179,510,604"
X-Men Origins: Wolverine,2009-07-29,"$23,518","$179,534,122"
X-Men Origins: Wolverine,2009-07-30,"$21,926","$179,556,048"
X-Men Origins: Wolverine,2009-07-31,"$25,267","$179,581,315"
X-Men Origins: Wolverine,2009-08-01,"$33,366","$179,614,681"
X-Men Origins: Wolverine,2009-08-02,"$23,722","$179,638,403"
X-Men Origins: Wolverine,2009-08-03,"$13,038","$179,651,441"
X-Men Origins: Wolverine,2009-08-04,"$14,364","$179,665,805"
X-Men Origins: Wolverine,2009-08-05,"$13,050","$179,678,855"
X-Men Origins: Wolverine,2009-08-06,"$13,691","$179,692,546"
X-Men Origins: Wolverine,2009-08-07,"$13,945","$179,706,491"
X-Men Origins: Wolverine,2009-08-08,"$18,035","$179,724,526"
X-Men Origins: Wolverine,2009-08-09,"$12,814","$179,737,340"
X-Men Origins: Wolverine,2009-08-10,"$6,806","$179,744,146"
X-Men Origins: Wolverine,2009-08-11,"$7,936","$179,752,082"
X-Men Origins: Wolverine,2009-08-12,"$7,121","$179,759,203"
X-Men Origins: Wolverine,2009-08-13,"$7,412","$179,766,615"
X-Men Origins: Wolverine,2009-08-14,"$11,067","$179,777,682"
X-Men Origins: Wolverine,2009-08-15,"$14,683","$179,792,365"
X-Men Origins: Wolverine,2009-08-16,"$8,934","$179,801,299"
X-Men Origins: Wolverine,2009-08-17,"$3,944","$179,805,243"
X-Men Origins: Wolverine,2009-08-18,"$4,078","$179,809,321"
X-Men Origins: Wolverine,2009-08-19,"$3,626","$179,812,947"
X-Men Origins: Wolverine,2009-08-20,"$3,774","$179,816,721"
X-Men Origins: Wolverine,2009-08-21,"$7,180","$179,823,901"
X-Men Origins: Wolverine,2009-08-22,"$10,296","$179,834,197"
X-Men Origins: Wolverine,2009-08-23,"$6,217","$179,840,414"
X-Men Origins: Wolverine,2009-08-24,"$2,580","$179,842,994"
X-Men Origins: Wolverine,2009-08-25,"$2,169","$179,845,163"
X-Men Origins: Wolverine,2009-08-26,"$2,051","$179,847,214"
X-Men Origins: Wolverine,2009-08-27,"$2,214","$179,849,428"
X-Men Origins: Wolverine,2009-08-28,"$4,061","$179,853,489"
X-Men Origins: Wolverine,2009-08-29,"$6,907","$179,860,396"
X-Men Origins: Wolverine,2009-08-30,"$3,148","$179,863,544"
X-Men Origins: Wolverine,2009-08-31,"$1,355","$179,864,899"
X-Men Origins: Wolverine,2009-09-01,"$1,237","$179,866,136"
X-Men Origins: Wolverine,2009-09-02,"$1,626","$179,867,762"
X-Men Origins: Wolverine,2009-09-03,"$1,383","$179,869,145"
X-Men: First Class,2011-06-03,"$21,398,778","$21,398,778"
X-Men: First Class,2011-06-04,"$19,713,168","$41,111,946"
X-Men: First Class,2011-06-05,"$13,989,658","$55,101,604"
X-Men: First Class,2011-06-06,"$5,452,193","$60,553,797"
X-Men: First Class,2011-06-07,"$5,075,246","$65,629,043"
X-Men: First Class,2011-06-08,"$4,238,061","$69,867,104"
X-Men: First Class,2011-06-09,"$4,027,245","$73,894,349"
X-Men: First Class,2011-06-10,"$7,525,242","$81,419,591"
X-Men: First Class,2011-06-11,"$10,027,477","$91,447,068"
X-Men: First Class,2011-06-12,"$6,576,267","$98,023,335"
X-Men: First Class,2011-06-13,"$2,726,803","$100,750,138"
X-Men: First Class,2011-06-14,"$2,968,837","$103,718,975"
X-Men: First Class,2011-06-15,"$2,319,163","$106,038,138"
X-Men: First Class,2011-06-16,"$2,386,424","$108,424,562"
X-Men: First Class,2011-06-17,"$3,402,278","$111,826,840"
X-Men: First Class,2011-06-18,"$4,453,520","$116,280,360"
X-Men: First Class,2011-06-19,"$4,077,726","$120,358,086"
X-Men: First Class,2011-06-20,"$1,462,145","$121,820,231"
X-Men: First Class,2011-06-21,"$1,576,163","$123,396,394"
X-Men: First Class,2011-06-22,"$1,388,807","$124,785,201"
X-Men: First Class,2011-06-23,"$1,429,727","$126,214,928"
X-Men: First Class,2011-06-24,"$2,110,439","$128,325,367"
X-Men: First Class,2011-06-25,"$2,650,753","$130,976,120"
X-Men: First Class,2011-06-26,"$1,919,288","$132,895,408"
X-Men: First Class,2011-06-27,"$858,965","$133,754,373"
X-Men: First Class,2011-06-28,"$873,691","$134,628,064"
X-Men: First Class,2011-06-29,"$525,562","$135,153,626"
X-Men: First Class,2011-06-30,"$558,101","$135,711,727"
X-Men: First Class,2011-07-01,"$837,188","$136,548,915"
X-Men: First Class,2011-07-02,"$1,065,154","$137,614,069"
X-Men: First Class,2011-07-03,"$1,048,576","$138,662,645"
X-Men: First Class,2011-07-04,"$666,710","$139,329,355"
X-Men: First Class,2011-07-05,"$464,823","$139,794,178"
X-Men: First Class,2011-07-06,"$408,007","$140,202,185"
X-Men: First Class,2011-07-07,"$414,552","$140,616,737"
X-Men: First Class,2011-07-08,"$446,869","$141,063,606"
X-Men: First Class,2011-07-09,"$593,338","$141,656,944"
X-Men: First Class,2011-07-10,"$433,177","$142,090,121"
X-Men: First Class,2011-07-11,"$194,366","$142,284,487"
X-Men: First Class,2011-07-12,"$213,473","$142,497,960"
X-Men: First Class,2011-07-13,"$177,214","$142,675,174"
X-Men: First Class,2011-07-14,"$145,097","$142,820,271"
X-Men: First Class,2011-07-15,"$184,214","$143,004,485"
X-Men: First Class,2011-07-16,"$260,776","$143,265,261"
X-Men: First Class,2011-07-17,"$190,596","$143,455,857"
X-Men: First Class,2011-07-18,"$97,870","$143,553,727"
X-Men: First Class,2011-07-19,"$108,610","$143,662,337"
X-Men: First Class,2011-07-20,"$98,222","$143,760,559"
X-Men: First Class,2011-07-21,"$101,759","$143,862,318"
X-Men: First Class,2011-07-22,"$108,727","$143,971,045"
X-Men: First Class,2011-07-23,"$138,545","$144,109,590"
X-Men: First Class,2011-07-24,"$100,774","$144,210,364"
X-Men: First Class,2011-07-25,"$55,040","$144,265,404"
X-Men: First Class,2011-07-26,"$62,442","$144,327,846"
X-Men: First Class,2011-07-27,"$54,984","$144,382,830"
X-Men: First Class,2011-07-28,"$53,503","$144,436,333"
X-Men: First Class,2011-07-29,"$86,128","$144,522,461"
X-Men: First Class,2011-07-30,"$114,084","$144,636,545"
X-Men: First Class,2011-07-31,"$87,297","$144,723,842"
X-Men: First Class,2011-08-01,"$49,326","$144,773,168"
X-Men: First Class,2011-08-02,"$52,573","$144,825,741"
X-Men: First Class,2011-08-03,"$50,297","$144,876,038"
X-Men: First Class,2011-08-04,"$46,745","$144,922,783"
X-Men: First Class,2011-08-05,"$127,818","$145,050,601"
X-Men: First Class,2011-08-06,"$149,880","$145,200,481"
X-Men: First Class,2011-08-07,"$91,870","$145,292,351"
X-Men: First Class,2011-08-08,"$54,211","$145,346,562"
X-Men: First Class,2011-08-09,"$57,526","$145,404,088"
X-Men: First Class,2011-08-10,"$46,388","$145,450,476"
X-Men: First Class,2011-08-11,"$50,261","$145,500,737"
X-Men: First Class,2011-08-12,"$58,511","$145,559,248"
X-Men: First Class,2011-08-13,"$76,892","$145,636,140"
X-Men: First Class,2011-08-14,"$52,406","$145,688,546"
X-Men: First Class,2011-08-15,"$28,888","$145,717,434"
X-Men: First Class,2011-08-16,"$34,730","$145,752,164"
X-Men: First Class,2011-08-17,"$28,236","$145,780,400"
X-Men: First Class,2011-08-18,"$27,734","$145,808,134"
X-Men: First Class,2011-08-19,"$41,152","$145,849,286"
X-Men: First Class,2011-08-20,"$54,683","$145,903,969"
X-Men: First Class,2011-08-21,"$35,826","$145,939,795"
X-Men: First Class,2011-08-22,"$17,710","$145,957,505"
X-Men: First Class,2011-08-23,"$19,669","$145,977,174"
X-Men: First Class,2011-08-24,"$16,072","$145,993,246"
X-Men: First Class,2011-08-25,"$16,899","$146,010,145"
X-Men: First Class,2011-08-26,"$33,548","$146,043,693"
X-Men: First Class,2011-08-27,"$49,507","$146,093,200"
X-Men: First Class,2011-08-28,"$30,467","$146,123,667"
X-Men: First Class,2011-08-29,"$12,486","$146,136,153"
X-Men: First Class,2011-08-30,"$11,650","$146,147,803"
X-Men: First Class,2011-08-31,"$9,673","$146,157,476"
X-Men: First Class,2011-09-01,"$12,512","$146,169,988"
X-Men: First Class,2011-09-02,"$26,290","$146,196,278"
X-Men: First Class,2011-09-03,"$37,888","$146,234,166"
X-Men: First Class,2011-09-04,"$43,184","$146,277,350"
X-Men: First Class,2011-09-05,"$22,650","$146,300,000"
X-Men: First Class,2011-09-06,"$6,247","$146,306,247"
X-Men: First Class,2011-09-07,"$5,835","$146,312,082"
X-Men: First Class,2011-09-08,"$5,838","$146,317,920"
X-Men: First Class,2011-09-09,"$12,019","$146,329,939"
X-Men: First Class,2011-09-10,"$18,522","$146,348,461"
X-Men: First Class,2011-09-11,"$9,714","$146,358,175"
X-Men: First Class,2011-09-12,"$3,768","$146,361,943"
X-Men: First Class,2011-09-13,"$3,687","$146,365,630"
X-Men: First Class,2011-09-14,"$3,480","$146,369,110"
X-Men: First Class,2011-09-15,"$3,751","$146,372,861"
The Wolverine,2013-07-26,"$20,655,772","$20,655,772"
The Wolverine,2013-07-27,"$18,191,631","$38,847,403"
The Wolverine,2013-07-28,"$14,266,349","$53,113,752"
The Wolverine,2013-07-29,"$5,548,959","$58,662,711"
The Wolverine,2013-07-30,"$5,983,708","$64,646,419"
The Wolverine,2013-07-31,"$4,339,978","$68,986,397"
The Wolverine,2013-08-01,"$4,327,453","$73,313,850"
The Wolverine,2013-08-02,"$6,481,536","$79,795,386"
The Wolverine,2013-08-03,"$8,625,435","$88,420,821"
The Wolverine,2013-08-04,"$6,217,919","$94,638,740"
The Wolverine,2013-08-05,"$2,703,138","$97,341,878"
The Wolverine,2013-08-06,"$2,844,844","$100,186,722"
The Wolverine,2013-08-07,"$1,975,171","$102,161,893"
The Wolverine,2013-08-08,"$1,824,277","$103,986,170"
The Wolverine,2013-08-09,"$2,434,143","$106,420,313"
The Wolverine,2013-08-10,"$3,264,668","$109,684,981"
The Wolverine,2013-08-11,"$2,325,593","$112,010,574"
The Wolverine,2013-08-12,"$1,006,802","$113,017,376"
The Wolverine,2013-08-13,"$1,276,747","$114,294,123"
The Wolverine,2013-08-14,"$915,187","$115,209,310"
The Wolverine,2013-08-15,"$823,846","$116,033,156"
The Wolverine,2013-08-16,"$1,306,841","$117,339,997"
The Wolverine,2013-08-17,"$1,858,176","$119,198,173"
The Wolverine,2013-08-18,"$1,353,614","$120,551,787"
The Wolverine,2013-08-19,"$531,523","$121,083,310"
The Wolverine,2013-08-20,"$655,646","$121,738,956"
The Wolverine,2013-08-21,"$436,694","$122,175,650"
The Wolverine,2013-08-22,"$420,026","$122,595,676"
The Wolverine,2013-08-23,"$717,666","$123,313,342"
The Wolverine,2013-08-24,"$1,077,052","$124,390,394"
The Wolverine,2013-08-25,"$689,069","$125,079,463"
The Wolverine,2013-08-26,"$269,622","$125,349,085"
The Wolverine,2013-08-27,"$314,003","$125,663,088"
The Wolverine,2013-08-28,"$232,747","$125,895,835"
The Wolverine,2013-08-29,"$213,047","$126,108,882"
The Wolverine,2013-08-30,"$430,465","$126,539,347"
The Wolverine,2013-08-31,"$635,419","$127,174,766"
The Wolverine,2013-09-01,"$647,462","$127,822,228"
The Wolverine,2013-09-02,"$500,059","$128,322,287"
The Wolverine,2013-09-03,"$138,031","$128,460,318"
The Wolverine,2013-09-04,"$105,664","$128,565,982"
The Wolverine,2013-09-05,"$96,557","$128,662,539"
The Wolverine,2013-09-06,"$208,422","$128,870,961"
The Wolverine,2013-09-07,"$360,856","$129,231,817"
The Wolverine,2013-09-08,"$179,316","$129,411,133"
The Wolverine,2013-09-09,"$57,273","$129,468,406"
The Wolverine,2013-09-10,"$77,590","$129,545,996"
The Wolverine,2013-09-11,"$61,569","$129,607,565"
The Wolverine,2013-09-12,"$53,299","$129,660,864"
The Wolverine,2013-09-13,"$181,005","$129,841,869"
The Wolverine,2013-09-14,"$246,715","$130,088,584"
The Wolverine,2013-09-15,"$137,474","$130,226,058"
The Wolverine,2013-09-16,"$49,187","$130,275,245"
The Wolverine,2013-09-17,"$60,028","$130,335,273"
The Wolverine,2013-09-18,"$44,865","$130,380,138"
The Wolverine,2013-09-19,"$46,664","$130,426,802"
The Wolverine,2013-09-20,"$127,524","$130,554,326"
The Wolverine,2013-09-21,"$215,034","$130,769,360"
The Wolverine,2013-09-22,"$115,556","$130,884,916"
The Wolverine,2013-09-23,"$35,179","$130,920,095"
The Wolverine,2013-09-24,"$44,272","$130,964,367"
The Wolverine,2013-09-25,"$35,790","$131,000,157"
The Wolverine,2013-09-26,"$35,016","$131,035,173"
The Wolverine,2013-09-27,"$75,803","$131,110,976"
The Wolverine,2013-09-28,"$126,550","$131,237,526"
The Wolverine,2013-09-29,"$67,124","$131,304,650"
The Wolverine,2013-09-30,"$24,476","$131,329,126"
The Wolverine,2013-10-01,"$28,707","$131,357,833"
The Wolverine,2013-10-02,"$25,402","$131,383,235"
The Wolverine,2013-10-03,"$25,223","$131,408,458"
The Wolverine,2013-10-04,"$52,585","$131,461,043"
The Wolverine,2013-10-05,"$81,667","$131,542,710"
The Wolverine,2013-10-06,"$47,307","$131,590,017"
The Wolverine,2013-10-07,"$18,834","$131,608,851"
The Wolverine,2013-10-08,"$20,708","$131,629,559"
The Wolverine,2013-10-09,"$17,412","$131,646,971"
The Wolverine,2013-10-10,"$19,004","$131,665,975"
The Wolverine,2013-10-11,"$51,715","$131,717,690"
The Wolverine,2013-10-12,"$78,887","$131,796,577"
The Wolverine,2013-10-13,"$48,357","$131,844,934"
The Wolverine,2013-10-14,"$25,646","$131,870,580"
The Wolverine,2013-10-15,"$19,743","$131,890,323"
The Wolverine,2013-10-16,"$17,373","$131,907,696"
The Wolverine,2013-10-17,"$18,391","$131,926,087"
The Wolverine,2013-10-18,"$44,100","$131,970,187"
The Wolverine,2013-10-19,"$70,105","$132,040,292"
The Wolverine,2013-10-20,"$38,359","$132,078,651"
The Wolverine,2013-10-21,"$15,354","$132,094,005"
The Wolverine,2013-10-22,"$17,388","$132,111,393"
The Wolverine,2013-10-23,"$14,563","$132,125,956"
The Wolverine,2013-10-24,"$15,391","$132,141,347"
The Wolverine,2013-10-25,"$28,487","$132,169,834"
The Wolverine,2013-10-26,"$46,765","$132,216,599"
The Wolverine,2013-10-27,"$27,520","$132,244,119"
The Wolverine,2013-10-28,"$9,596","$132,253,715"
The Wolverine,2013-10-29,"$10,067","$132,263,782"
The Wolverine,2013-10-30,"$8,766","$132,272,548"
The Wolverine,2013-10-31,"$11,112","$132,283,660"
The Wolverine,2013-11-01,"$19,864","$132,303,524"
The Wolverine,2013-11-02,"$35,035","$132,338,559"
The Wolverine,2013-11-03,"$18,550","$132,357,109"
The Wolverine,2013-11-04,"$5,368","$132,362,477"
The Wolverine,2013-11-05,"$6,392","$132,368,869"
The Wolverine,2013-11-06,"$5,348","$132,374,217"
The Wolverine,2013-11-07,"$5,289","$132,379,506"
The Wolverine,2013-11-08,"$11,707","$132,391,213"
The Wolverine,2013-11-09,"$20,091","$132,411,304"
The Wolverine,2013-11-10,"$13,714","$132,425,018"
The Wolverine,2013-11-11,"$8,134","$132,433,152"
The Wolverine,2013-11-12,"$3,853","$132,437,005"
The Wolverine,2013-11-13,"$3,668","$132,440,673"
The Wolverine,2013-11-14,"$3,813","$132,444,486"
The Wolverine,2013-11-15,"$9,709","$132,454,195"
The Wolverine,2013-11-16,"$18,215","$132,472,410"
The Wolverine,2013-11-17,"$9,433","$132,481,843"
The Wolverine,2013-11-18,"$2,915","$132,484,758"
The Wolverine,2013-11-19,"$3,236","$132,487,994"
The Wolverine,2013-11-20,"$2,675","$132,490,669"
The Wolverine,2013-11-21,"$3,130","$132,493,799"
The Wolverine,2013-11-22,"$7,191","$132,500,990"
The Wolverine,2013-11-23,"$11,111","$132,512,101"
The Wolverine,2013-11-24,"$5,680","$132,517,781"
The Wolverine,2013-11-25,"$2,646","$132,520,427"
The Wolverine,2013-11-26,"$3,175","$132,523,602"
The Wolverine,2013-11-27,"$3,947","$132,527,549"
The Wolverine,2013-11-28,"$2,654","$132,530,203"
The Wolverine,2013-11-29,"$8,139","$132,538,342"
The Wolverine,2013-11-30,"$9,162","$132,547,504"
The Wolverine,2013-12-01,"$3,456","$132,550,960"
The Wolverine,2013-12-02,"$1,267","$132,552,227"
The Wolverine,2013-12-03,"$1,287","$132,553,514"
The Wolverine,2013-12-04,"$1,674","$132,555,188"
The Wolverine,2013-12-05,"$1,664","$132,556,852"
X-Men: Days of Future Past,2014-05-23,"$35,511,974","$35,511,974"
X-Men: Days of Future Past,2014-05-24,"$29,283,650","$64,795,624"
X-Men: Days of Future Past,2014-05-25,"$26,028,036","$90,823,660"
X-Men: Days of Future Past,2014-05-26,"$19,752,944","$110,576,604"
X-Men: Days of Future Past,2014-05-27,"$8,207,674","$118,784,278"
X-Men: Days of Future Past,2014-05-28,"$5,716,351","$124,500,629"
X-Men: Days of Future Past,2014-05-29,"$4,968,474","$129,469,103"
X-Men: Days of Future Past,2014-05-30,"$9,416,247","$138,885,350"
X-Men: Days of Future Past,2014-05-31,"$13,794,992","$152,680,342"
X-Men: Days of Future Past,2014-06-01,"$9,339,859","$162,020,201"
X-Men: Days of Future Past,2014-06-02,"$3,163,908","$165,184,109"
X-Men: Days of Future Past,2014-06-03,"$3,787,895","$168,972,004"
X-Men: Days of Future Past,2014-06-04,"$2,824,137","$171,796,141"
X-Men: Days of Future Past,2014-06-05,"$2,605,125","$174,401,266"
X-Men: Days of Future Past,2014-06-06,"$4,510,017","$178,911,283"
X-Men: Days of Future Past,2014-06-07,"$6,176,540","$185,087,823"
X-Men: Days of Future Past,2014-06-08,"$4,468,257","$189,556,080"
X-Men: Days of Future Past,2014-06-09,"$1,765,307","$191,321,387"
X-Men: Days of Future Past,2014-06-10,"$2,021,629","$193,343,016"
X-Men: Days of Future Past,2014-06-11,"$1,707,464","$195,050,480"
X-Men: Days of Future Past,2014-06-12,"$1,389,681","$196,440,161"
X-Men: Days of Future Past,2014-06-13,"$2,725,465","$199,165,626"
X-Men: Days of Future Past,2014-06-14,"$3,730,153","$202,895,779"
X-Men: Days of Future Past,2014-06-15,"$3,360,831","$206,256,610"
X-Men: Days of Future Past,2014-06-16,"$1,033,521","$207,290,131"
X-Men: Days of Future Past,2014-06-17,"$1,242,446","$208,532,577"
X-Men: Days of Future Past,2014-06-18,"$1,035,371","$209,567,948"
X-Men: Days of Future Past,2014-06-19,"$1,026,302","$210,594,250"
X-Men: Days of Future Past,2014-06-20,"$1,851,852","$212,446,102"
X-Men: Days of Future Past,2014-06-21,"$2,612,005","$215,058,107"
X-Men: Days of Future Past,2014-06-22,"$1,686,603","$216,744,710"
X-Men: Days of Future Past,2014-06-23,"$791,942","$217,536,652"
X-Men: Days of Future Past,2014-06-24,"$1,043,239","$218,579,891"
X-Men: Days of Future Past,2014-06-25,"$831,264","$219,411,155"
X-Men: Days of Future Past,2014-06-26,"$682,317","$220,093,472"
X-Men: Days of Future Past,2014-06-27,"$966,471","$221,059,943"
X-Men: Days of Future Past,2014-06-28,"$1,347,484","$222,407,427"
X-Men: Days of Future Past,2014-06-29,"$1,007,472","$223,414,899"
X-Men: Days of Future Past,2014-06-30,"$561,746","$223,976,645"
X-Men: Days of Future Past,2014-07-01,"$540,462","$224,517,107"
X-Men: Days of Future Past,2014-07-02,"$292,623","$224,809,730"
X-Men: Days of Future Past,2014-07-03,"$410,272","$225,220,002"
X-Men: Days of Future Past,2014-07-04,"$537,862","$225,757,864"
X-Men: Days of Future Past,2014-07-05,"$783,775","$226,541,639"
X-Men: Days of Future Past,2014-07-06,"$571,490","$227,113,129"
X-Men: Days of Future Past,2014-07-07,"$276,624","$227,389,753"
X-Men: Days of Future Past,2014-07-08,"$298,529","$227,688,282"
X-Men: Days of Future Past,2014-07-09,"$229,417","$227,917,699"
X-Men: Days of Future Past,2014-07-10,"$219,372","$228,137,071"
X-Men: Days of Future Past,2014-07-11,"$314,474","$228,451,545"
X-Men: Days of Future Past,2014-07-12,"$432,365","$228,883,910"
X-Men: Days of Future Past,2014-07-13,"$278,526","$229,162,436"
X-Men: Days of Future Past,2014-07-14,"$151,105","$229,313,541"
X-Men: Days of Future Past,2014-07-15,"$185,086","$229,498,627"
X-Men: Days of Future Past,2014-07-16,"$143,811","$229,642,438"
X-Men: Days of Future Past,2014-07-17,"$132,224","$229,774,662"
X-Men: Days of Future Past,2014-07-18,"$197,657","$229,972,319"
X-Men: Days of Future Past,2014-07-19,"$311,945","$230,284,264"
X-Men: Days of Future Past,2014-07-20,"$201,102","$230,485,366"
X-Men: Days of Future Past,2014-07-21,"$95,203","$230,580,569"
X-Men: Days of Future Past,2014-07-22,"$114,581","$230,695,150"
X-Men: Days of Future Past,2014-07-23,"$96,819","$230,791,969"
X-Men: Days of Future Past,2014-07-24,"$85,840","$230,877,809"
X-Men: Days of Future Past,2014-07-25,"$113,757","$230,991,566"
X-Men: Days of Future Past,2014-07-26,"$161,580","$231,153,146"
X-Men: Days of Future Past,2014-07-27,"$119,724","$231,272,870"
X-Men: Days of Future Past,2014-07-28,"$58,817","$231,331,687"
X-Men: Days of Future Past,2014-07-29,"$67,797","$231,399,484"
X-Men: Days of Future Past,2014-07-30,"$57,993","$231,457,477"
X-Men: Days of Future Past,2014-07-31,"$51,776","$231,509,253"
X-Men: Days of Future Past,2014-08-01,"$54,943","$231,564,196"
X-Men: Days of Future Past,2014-08-02,"$77,339","$231,641,535"
X-Men: Days of Future Past,2014-08-03,"$54,802","$231,696,337"
X-Men: Days of Future Past,2014-08-04,"$28,704","$231,725,041"
X-Men: Days of Future Past,2014-08-05,"$30,686","$231,755,727"
X-Men: Days of Future Past,2014-08-06,"$23,973","$231,779,700"
X-Men: Days of Future Past,2014-08-07,"$19,670","$231,799,370"
X-Men: Days of Future Past,2014-08-08,"$78,909","$231,878,279"
X-Men: Days of Future Past,2014-08-09,"$113,757","$231,992,036"
X-Men: Days of Future Past,2014-08-10,"$85,810","$232,077,846"
X-Men: Days of Future Past,2014-08-11,"$40,739","$232,118,585"
X-Men: Days of Future Past,2014-08-12,"$47,309","$232,165,894"
X-Men: Days of Future Past,2014-08-13,"$38,110","$232,204,004"
X-Men: Days of Future Past,2014-08-14,"$36,049","$232,240,053"
X-Men: Days of Future Past,2014-08-15,"$65,347","$232,305,400"
X-Men: Days of Future Past,2014-08-16,"$101,228","$232,406,628"
X-Men: Days of Future Past,2014-08-17,"$74,186","$232,480,814"
X-Men: Days of Future Past,2014-08-18,"$30,932","$232,511,746"
X-Men: Days of Future Past,2014-08-19,"$33,885","$232,545,631"
X-Men: Days of Future Past,2014-08-20,"$29,797","$232,575,428"
X-Men: Days of Future Past,2014-08-21,"$28,153","$232,603,581"
X-Men: Days of Future Past,2014-08-22,"$41,821","$232,645,402"
X-Men: Days of Future Past,2014-08-23,"$61,999","$232,707,401"
X-Men: Days of Future Past,2014-08-24,"$42,586","$232,749,987"
X-Men: Days of Future Past,2014-08-25,"$15,613","$232,765,600"
X-Men: Days of Future Past,2014-08-26,"$16,930","$232,782,530"
X-Men: Days of Future Past,2014-08-27,"$15,836","$232,798,366"
X-Men: Days of Future Past,2014-08-28,"$16,162","$232,814,528"
X-Men: Days of Future Past,2014-08-29,"$108,754","$232,923,282"
X-Men: Days of Future Past,2014-08-30,"$171,115","$233,094,397"
X-Men: Days of Future Past,2014-08-31,"$188,754","$233,283,151"
X-Men: Days of Future Past,2014-09-01,"$124,362","$233,407,513"
X-Men: Days of Future Past,2014-09-02,"$39,091","$233,446,604"
X-Men: Days of Future Past,2014-09-03,"$31,147","$233,477,751"
X-Men: Days of Future Past,2014-09-04,"$28,583","$233,506,334"
X-Men: Days of Future Past,2014-09-05,"$43,445","$233,549,779"
X-Men: Days of Future Past,2014-09-06,"$74,971","$233,624,750"
X-Men: Days of Future Past,2014-09-07,"$35,724","$233,660,474"
X-Men: Days of Future Past,2014-09-08,"$12,606","$233,673,080"
X-Men: Days of Future Past,2014-09-09,"$14,422","$233,687,502"
X-Men: Days of Future Past,2014-09-10,"$13,023","$233,700,525"
X-Men: Days of Future Past,2014-09-11,"$12,630","$233,713,155"
X-Men: Days of Future Past,2014-09-12,"$19,580","$233,732,735"
X-Men: Days of Future Past,2014-09-13,"$31,561","$233,764,296"
X-Men: Days of Future Past,2014-09-14,"$19,540","$233,783,836"
X-Men: Days of Future Past,2014-09-15,"$5,836","$233,789,672"
X-Men: Days of Future Past,2014-09-16,"$8,022","$233,797,694"
X-Men: Days of Future Past,2014-09-17,"$6,492","$233,804,186"
X-Men: Days of Future Past,2014-09-18,"$6,017","$233,810,203"
X-Men: Days of Future Past,2014-09-19,"$14,170","$233,824,373"
X-Men: Days of Future Past,2014-09-20,"$21,915","$233,846,288"
X-Men: Days of Future Past,2014-09-21,"$8,909","$233,855,197"
X-Men: Days of Future Past,2014-09-22,"$2,647","$233,857,844"
X-Men: Days of Future Past,2014-09-23,"$2,903","$233,860,747"
X-Men: Days of Future Past,2014-09-24,"$2,768","$233,863,515"
X-Men: Days of Future Past,2014-09-25,"$2,998","$233,866,513"
X-Men: Days of Future Past,2014-09-26,"$8,221","$233,874,734"
X-Men: Days of Future Past,2014-09-27,"$13,152","$233,887,886"
X-Men: Days of Future Past,2014-09-28,"$6,106","$233,893,992"
X-Men: Days of Future Past,2014-09-29,"$2,598","$233,896,590"
X-Men: Days of Future Past,2014-09-30,"$2,939","$233,899,529"
X-Men: Days of Future Past,2014-10-01,"$2,562","$233,902,091"
X-Men: Days of Future Past,2014-10-02,"$2,426","$233,904,517"
Deadpool,2016-02-12,"$47,335,592","$47,335,592"
Deadpool,2016-02-13,"$42,508,025","$89,843,617"
Deadpool,2016-02-14,"$42,591,022","$132,434,639"
Deadpool,2016-02-15,"$19,759,214","$152,193,853"
Deadpool,2016-02-16,"$11,559,606","$163,753,459"
Deadpool,2016-02-17,"$8,617,589","$172,371,048"
Deadpool,2016-02-18,"$8,023,839","$180,394,887"
Deadpool,2016-02-19,"$16,218,008","$196,612,895"
Deadpool,2016-02-20,"$24,291,774","$220,904,669"
Deadpool,2016-02-21,"$15,960,385","$236,865,054"
Deadpool,2016-02-22,"$4,465,513","$241,330,567"
Deadpool,2016-02-23,"$5,158,806","$246,489,373"
Deadpool,2016-02-24,"$3,795,775","$250,285,148"
Deadpool,2016-02-25,"$3,853,861","$254,139,009"
Deadpool,2016-02-26,"$8,879,279","$263,018,288"
Deadpool,2016-02-27,"$14,160,782","$277,179,070"
Deadpool,2016-02-28,"$8,075,134","$285,254,204"
Deadpool,2016-02-29,"$2,330,907","$287,585,111"
Deadpool,2016-03-01,"$2,854,596","$290,439,707"
Deadpool,2016-03-02,"$2,214,542","$292,654,249"
Deadpool,2016-03-03,"$2,103,883","$294,758,132"
Deadpool,2016-03-04,"$4,692,682","$299,450,814"
Deadpool,2016-03-05,"$7,340,320","$306,791,134"
Deadpool,2016-03-06,"$4,692,927","$311,484,061"
Deadpool,2016-03-07,"$1,428,068","$312,912,129"
Deadpool,2016-03-08,"$1,672,043","$314,584,172"
Deadpool,2016-03-09,"$1,331,389","$315,915,561"
Deadpool,2016-03-10,"$1,361,864","$317,277,425"
Deadpool,2016-03-11,"$3,001,621","$320,279,046"
Deadpool,2016-03-12,"$4,829,679","$325,108,725"
Deadpool,2016-03-13,"$3,111,004","$328,219,729"
Deadpool,2016-03-14,"$1,178,003","$329,397,732"
Deadpool,2016-03-15,"$1,406,236","$330,803,968"
Deadpool,2016-03-16,"$1,117,091","$331,921,059"
Deadpool,2016-03-17,"$1,020,324","$332,941,383"
Deadpool,2016-03-18,"$2,254,327","$335,195,710"
Deadpool,2016-03-19,"$3,547,145","$338,742,855"
Deadpool,2016-03-20,"$2,210,512","$340,953,367"
Deadpool,2016-03-21,"$865,298","$341,818,665"
Deadpool,2016-03-22,"$989,196","$342,807,861"
Deadpool,2016-03-23,"$839,189","$343,647,050"
Deadpool,2016-03-24,"$826,916","$344,473,966"
Deadpool,2016-03-25,"$1,710,989","$346,184,955"
Deadpool,2016-03-26,"$1,961,432","$348,146,387"
Deadpool,2016-03-27,"$1,225,520","$349,371,907"
Deadpool,2016-03-28,"$627,463","$349,999,370"
Deadpool,2016-03-29,"$576,309","$350,575,679"
Deadpool,2016-03-30,"$500,516","$351,076,195"
Deadpool,2016-03-31,"$532,739","$351,608,934"
Deadpool,2016-04-01,"$1,044,495","$352,653,429"
Deadpool,2016-04-02,"$1,558,926","$354,212,355"
Deadpool,2016-04-03,"$853,174","$355,065,529"
Deadpool,2016-04-04,"$297,518","$355,363,047"
Deadpool,2016-04-05,"$359,187","$355,722,234"
Deadpool,2016-04-06,"$307,646","$356,029,880"
Deadpool,2016-04-07,"$294,859","$356,324,739"
Deadpool,2016-04-08,"$583,919","$356,908,658"
Deadpool,2016-04-09,"$982,852","$357,891,510"
Deadpool,2016-04-10,"$518,519","$358,410,029"
Deadpool,2016-04-11,"$177,658","$358,587,687"
Deadpool,2016-04-12,"$208,583","$358,796,270"
Deadpool,2016-04-13,"$170,164","$358,966,434"
Deadpool,2016-04-14,"$146,815","$359,113,249"
Deadpool,2016-04-15,"$288,799","$359,402,048"
Deadpool,2016-04-16,"$461,164","$359,863,212"
Deadpool,2016-04-17,"$224,688","$360,087,900"
Deadpool,2016-04-18,"$85,254","$360,173,154"
Deadpool,2016-04-19,"$100,905","$360,274,059"
Deadpool,2016-04-20,"$87,662","$360,361,721"
Deadpool,2016-04-21,"$90,222","$360,451,943"
Deadpool,2016-04-22,"$204,153","$360,656,096"
Deadpool,2016-04-23,"$317,434","$360,973,530"
Deadpool,2016-04-24,"$158,931","$361,132,461"
Deadpool,2016-04-25,"$66,974","$361,199,435"
Deadpool,2016-04-26,"$75,413","$361,274,848"
Deadpool,2016-04-27,"$64,094","$361,338,942"
Deadpool,2016-04-28,"$55,433","$361,394,375"
Deadpool,2016-04-29,"$119,019","$361,513,394"
Deadpool,2016-04-30,"$206,322","$361,719,716"
Deadpool,2016-05-01,"$107,547","$361,827,263"
Deadpool,2016-05-02,"$34,475","$361,861,738"
Deadpool,2016-05-03,"$40,178","$361,901,916"
Deadpool,2016-05-04,"$36,247","$361,938,163"
Deadpool,2016-05-05,"$24,103","$361,962,266"
Deadpool,2016-05-06,"$66,779","$362,029,045"
Deadpool,2016-05-07,"$102,824","$362,131,869"
Deadpool,2016-05-08,"$68,694","$362,200,563"
Deadpool,2016-05-09,"$29,655","$362,230,218"
Deadpool,2016-05-10,"$33,182","$362,263,400"
Deadpool,2016-05-11,"$27,894","$362,291,294"
Deadpool,2016-05-12,"$26,885","$362,318,179"
Deadpool,2016-05-13,"$56,533","$362,374,712"
Deadpool,2016-05-14,"$90,745","$362,465,457"
Deadpool,2016-05-15,"$51,638","$362,517,095"
Deadpool,2016-05-16,"$19,158","$362,536,253"
Deadpool,2016-05-17,"$22,547","$362,558,800"
Deadpool,2016-05-18,"$20,097","$362,578,897"
Deadpool,2016-05-19,"$19,277","$362,598,174"
Deadpool,2016-05-20,"$35,150","$362,633,324"
Deadpool,2016-05-21,"$53,195","$362,686,519"
Deadpool,2016-05-22,"$34,807","$362,721,326"
Deadpool,2016-05-23,"$15,674","$362,737,000"
Deadpool,2016-05-24,"$14,665","$362,751,665"
Deadpool,2016-05-25,"$14,635","$362,766,300"
Deadpool,2016-05-26,"$15,353","$362,781,653"
X-Men: Apocalypse,2016-05-27,"$26,302,191","$26,302,191"
Deadpool,2016-05-27,"$38,483","$362,820,136"
X-Men: Apocalypse,2016-05-28,"$20,493,504","$46,795,695"
Deadpool,2016-05-28,"$60,420","$362,880,556"
X-Men: Apocalypse,2016-05-29,"$18,973,867","$65,769,562"
Deadpool,2016-05-29,"$41,227","$362,921,783"
X-Men: Apocalypse,2016-05-30,"$14,040,571","$79,810,133"
Deadpool,2016-05-30,"$18,585","$362,940,368"
X-Men: Apocalypse,2016-05-31,"$6,514,207","$86,324,340"
Deadpool,2016-05-31,"$12,317","$362,952,685"
X-Men: Apocalypse,2016-06-01,"$4,285,264","$90,609,604"
Deadpool,2016-06-01,"$10,934","$362,963,619"
X-Men: Apocalypse,2016-06-02,"$3,563,628","$94,173,232"
Deadpool,2016-06-02,"$10,115","$362,973,734"
X-Men: Apocalypse,2016-06-03,"$6,587,189","$100,760,421"
Deadpool,2016-06-03,"$16,778","$362,990,512"
X-Men: Apocalypse,2016-06-04,"$9,405,003","$110,165,424"
Deadpool,2016-06-04,"$27,250","$363,017,762"
X-Men: Apocalypse,2016-06-05,"$6,833,292","$116,998,716"
Deadpool,2016-06-05,"$6,501","$363,024,263"
X-Men: Apocalypse,2016-06-06,"$2,428,013","$119,426,729"
Deadpool,2016-06-06,"$4,805","$363,029,068"
X-Men: Apocalypse,2016-06-07,"$3,024,317","$122,451,046"
Deadpool,2016-06-07,"$5,250","$363,034,318"
X-Men: Apocalypse,2016-06-08,"$2,046,736","$124,497,782"
Deadpool,2016-06-08,"$4,001","$363,038,319"
X-Men: Apocalypse,2016-06-09,"$1,876,413","$126,374,195"
Deadpool,2016-06-09,"$3,992","$363,042,311"
X-Men: Apocalypse,2016-06-10,"$2,757,227","$129,131,422"
X-Men: Apocalypse,2016-06-11,"$4,266,746","$133,398,168"
X-Men: Apocalypse,2016-06-12,"$2,891,044","$136,289,212"
X-Men: Apocalypse,2016-06-13,"$1,073,890","$137,363,102"
X-Men: Apocalypse,2016-06-14,"$1,468,706","$138,831,808"
X-Men: Apocalypse,2016-06-15,"$1,132,024","$139,963,832"
X-Men: Apocalypse,2016-06-16,"$884,004","$140,847,836"
X-Men: Apocalypse,2016-06-17,"$1,404,348","$142,252,184"
X-Men: Apocalypse,2016-06-18,"$1,998,671","$144,250,855"
X-Men: Apocalypse,2016-06-19,"$1,906,271","$146,157,126"
X-Men: Apocalypse,2016-06-20,"$661,482","$146,818,608"
X-Men: Apocalypse,2016-06-21,"$761,110","$147,579,718"
X-Men: Apocalypse,2016-06-22,"$595,927","$148,175,645"
X-Men: Apocalypse,2016-06-23,"$476,346","$148,651,991"
X-Men: Apocalypse,2016-06-24,"$737,671","$149,389,662"
X-Men: Apocalypse,2016-06-25,"$1,061,061","$150,450,723"
X-Men: Apocalypse,2016-06-26,"$691,149","$151,141,872"
X-Men: Apocalypse,2016-06-27,"$337,843","$151,479,715"
X-Men: Apocalypse,2016-06-28,"$482,854","$151,962,569"
X-Men: Apocalypse,2016-06-29,"$400,998","$152,363,567"
X-Men: Apocalypse,2016-06-30,"$233,888","$152,597,455"
X-Men: Apocalypse,2016-07-01,"$255,336","$152,852,791"
X-Men: Apocalypse,2016-07-02,"$350,258","$153,203,049"
X-Men: Apocalypse,2016-07-03,"$300,044","$153,503,093"
X-Men: Apocalypse,2016-07-04,"$208,074","$153,711,167"
X-Men: Apocalypse,2016-07-05,"$160,840","$153,872,007"
X-Men: Apocalypse,2016-07-06,"$123,093","$153,995,100"
X-Men: Apocalypse,2016-07-07,"$94,377","$154,089,477"
X-Men: Apocalypse,2016-07-08,"$117,840","$154,207,317"
X-Men: Apocalypse,2016-07-09,"$176,097","$154,383,414"
X-Men: Apocalypse,2016-07-10,"$116,320","$154,499,734"
X-Men: Apocalypse,2016-07-11,"$52,596","$154,552,330"
X-Men: Apocalypse,2016-07-12,"$62,863","$154,615,193"
X-Men: Apocalypse,2016-07-13,"$47,019","$154,662,212"
X-Men: Apocalypse,2016-07-14,"$45,877","$154,708,089"
X-Men: Apocalypse,2016-07-15,"$77,310","$154,785,399"
X-Men: Apocalypse,2016-07-16,"$116,294","$154,901,693"
X-Men: Apocalypse,2016-07-17,"$83,394","$154,985,087"
X-Men: Apocalypse,2016-07-18,"$40,844","$155,025,931"
X-Men: Apocalypse,2016-07-19,"$49,001","$155,074,932"
X-Men: Apocalypse,2016-07-20,"$41,144","$155,116,076"
X-Men: Apocalypse,2016-07-21,"$33,434","$155,149,510"
Logan (2017),2017-03-03,"$33,005,352","$33,005,352"
Logan (2017),2017-03-04,"$31,315,514","$64,320,866"
Logan (2017),2017-03-05,"$24,091,050","$88,411,916"
Logan (2017),2017-03-06,"$7,204,203","$95,616,119"
Logan (2017),2017-03-07,"$8,603,782","$104,219,901"
Logan (2017),2017-03-08,"$5,646,328","$109,866,229"
Logan (2017),2017-03-09,"$4,940,504","$114,806,733"
Logan (2017),2017-03-10,"$10,364,649","$125,171,382"
Logan (2017),2017-03-11,"$16,307,331","$141,478,713"
Logan (2017),2017-03-12,"$11,440,445","$152,919,158"
Logan (2017),2017-03-13,"$3,608,355","$156,527,513"
Logan (2017),2017-03-14,"$4,036,750","$160,564,263"
Logan (2017),2017-03-15,"$3,160,546","$163,724,809"
Logan (2017),2017-03-16,"$2,802,076","$166,526,885"
Logan (2017),2017-03-17,"$4,686,203","$171,213,088"
Logan (2017),2017-03-18,"$7,818,249","$179,031,337"
Logan (2017),2017-03-19,"$5,311,225","$184,342,562"
Logan (2017),2017-03-20,"$1,608,208","$185,950,770"
Logan (2017),2017-03-21,"$2,406,084","$188,356,854"
Logan (2017),2017-03-22,"$1,552,700","$189,909,554"
Logan (2017),2017-03-23,"$1,401,042","$191,310,596"
Logan (2017),2017-03-24,"$2,684,942","$193,995,538"
Logan (2017),2017-03-25,"$4,478,964","$198,474,502"
Logan (2017),2017-03-26,"$3,170,484","$201,644,986"
Logan (2017),2017-03-27,"$975,725","$202,620,711"
Logan (2017),2017-03-28,"$1,240,612","$203,861,323"
Logan (2017),2017-03-29,"$931,085","$204,792,408"
Logan (2017),2017-03-30,"$875,229","$205,667,637"
Logan (2017),2017-03-31,"$1,730,955","$207,398,592"
Logan (2017),2017-04-01,"$2,665,654","$210,064,246"
Logan (2017),2017-04-02,"$1,711,475","$211,775,721"
Logan (2017),2017-04-03,"$510,021","$212,285,742"
Logan (2017),2017-04-04,"$696,548","$212,982,290"
Logan (2017),2017-04-05,"$511,204","$213,493,494"
Logan (2017),2017-04-06,"$513,914","$214,007,408"
Logan (2017),2017-04-07,"$1,117,706","$215,125,114"
Logan (2017),2017-04-08,"$1,799,486","$216,924,600"
Logan (2017),2017-04-09,"$1,104,637","$218,029,237"
Logan (2017),2017-04-10,"$387,189","$218,416,426"
Logan (2017),2017-04-11,"$511,100","$218,927,526"
Logan (2017),2017-04-12,"$416,121","$219,343,647"
Logan (2017),2017-04-13,"$375,632","$219,719,279"
Logan (2017),2017-04-14,"$659,161","$220,378,440"
Logan (2017),2017-04-15,"$770,482","$221,148,922"
Logan (2017),2017-04-16,"$507,652","$221,656,574"
Logan (2017),2017-04-17,"$226,930","$221,883,504"
Logan (2017),2017-04-18,"$210,009","$222,093,513"
Logan (2017),2017-04-19,"$170,894","$222,264,407"
Logan (2017),2017-04-20,"$163,855","$222,428,262"
Logan (2017),2017-04-21,"$268,694","$222,696,956"
Logan (2017),2017-04-22,"$448,672","$223,145,628"
Logan (2017),2017-04-23,"$254,777","$223,400,405"
Logan (2017),2017-04-24,"$83,913","$223,484,318"
Logan (2017),2017-04-25,"$101,117","$223,585,435"
Logan (2017),2017-04-26,"$77,101","$223,662,536"
Logan (2017),2017-04-27,"$74,175","$223,736,711"
Logan (2017),2017-04-28,"$201,697","$223,938,408"
Logan (2017),2017-04-29,"$366,939","$224,305,347"
Logan (2017),2017-04-30,"$202,823","$224,508,170"
Logan (2017),2017-05-01,"$64,263","$224,572,433"
Logan (2017),2017-05-02,"$77,353","$224,649,786"
Logan (2017),2017-05-03,"$60,064","$224,709,850"
Logan (2017),2017-05-04,"$40,351","$224,750,201"
Logan (2017),2017-05-05,"$82,733","$224,832,934"
Logan (2017),2017-05-06,"$151,221","$224,984,155"
Logan (2017),2017-05-07,"$93,933","$225,078,088"
Logan (2017),2017-05-08,"$35,722","$225,113,810"
Logan (2017),2017-05-09,"$43,441","$225,157,251"
Logan (2017),2017-05-10,"$35,956","$225,193,207"
Logan (2017),2017-05-11,"$30,138","$225,223,345"
Logan (2017),2017-05-12,"$81,482","$225,304,827"
Logan (2017),2017-05-13,"$133,303","$225,438,130"
Logan (2017),2017-05-14,"$68,955","$225,507,085"
Logan (2017),2017-05-15,"$22,381","$225,529,466"
Logan (2017),2017-05-16,"$111,926","$225,641,392"
Logan (2017),2017-05-17,"$21,096","$225,662,488"
Logan (2017),2017-05-18,"$18,017","$225,680,505"
Logan (2017),2017-05-19,"$54,101","$225,734,606"
Logan (2017),2017-05-20,"$88,982","$225,823,588"
Logan (2017),2017-05-21,"$62,093","$225,885,681"
Logan (2017),2017-05-22,"$17,117","$225,902,798"
Logan (2017),2017-05-23,"$32,857","$225,935,655"
Logan (2017),2017-05-24,"$14,961","$225,950,616"
Logan (2017),2017-05-25,"$14,656","$225,965,272"
Logan (2017),2017-05-26,"$32,290","$225,997,562"
Logan (2017),2017-05-27,"$42,743","$226,040,305"
Logan (2017),2017-05-28,"$42,382","$226,082,687"
Logan (2017),2017-05-29,"$28,208","$226,110,895"
Logan (2017),2017-05-30,"$11,462","$226,122,357"
Logan (2017),2017-05-31,"$11,095","$226,133,452"
Logan (2017),2017-06-01,"$10,861","$226,144,313"
Logan (2017),2017-06-02,"$12,231","$226,156,544"
Logan (2017),2017-06-03,"$18,933","$226,175,477"
Logan (2017),2017-06-04,"$11,829","$226,187,306"
Logan (2017),2017-06-05,"$5,451","$226,192,757"
Logan (2017),2017-06-06,"$5,753","$226,198,510"
Logan (2017),2017-06-07,"$5,147","$226,203,657"
Logan (2017),2017-06-08,"$5,869","$226,209,526"
Logan (2017),2017-06-09,"$5,986","$226,215,512"
Logan (2017),2017-06-10,"$9,349","$226,224,861"
Logan (2017),2017-06-11,"$6,211","$226,231,072"
Logan (2017),2017-06-12,"$2,208","$226,233,280"
Logan (2017),2017-06-13,"$2,794","$226,236,074"
Logan (2017),2017-06-14,"$2,630","$226,238,704"
Logan (2017),2017-06-15,"$2,996","$226,241,700"
Logan (2017),2017-06-16,"$3,052","$226,244,752"
Logan (2017),2017-06-17,"$4,172","$226,248,924"
Logan (2017),2017-06-18,"$3,655","$226,252,579"
Logan (2017),2017-06-19,"$1,238","$226,253,817"
Logan (2017),2017-06-20,"$1,513","$226,255,330"
Logan (2017),2017-06-21,"$1,587","$226,256,917"
Logan (2017),2017-06-22,"$1,652","$226,258,569"
Deadpool 2,2018-05-18,"$53,034,421","$53,034,421"
Deadpool 2,2018-05-19,"$40,474,865","$93,509,286"
Deadpool 2,2018-05-20,"$31,997,867","$125,507,153"
Deadpool 2,2018-05-21,"$12,007,149","$137,514,302"
Deadpool 2,2018-05-22,"$12,401,246","$149,915,548"
Deadpool 2,2018-05-23,"$8,031,712","$157,947,260"
Deadpool 2,2018-05-24,"$6,760,092","$164,707,352"
Deadpool 2,2018-05-25,"$12,099,375","$176,806,727"
Deadpool 2,2018-05-26,"$15,954,039","$192,760,766"
Deadpool 2,2018-05-27,"$15,409,629","$208,170,395"
Deadpool 2,2018-05-28,"$10,367,286","$218,537,681"
Deadpool 2,2018-05-29,"$5,346,203","$223,883,884"
Deadpool 2,2018-05-30,"$3,866,312","$227,750,196"
Deadpool 2,2018-05-31,"$3,577,242","$231,327,438"
Deadpool 2,2018-06-01,"$6,696,723","$238,024,161"
Deadpool 2,2018-06-02,"$9,692,214","$247,716,375"
Deadpool 2,2018-06-03,"$6,789,660","$254,506,035"
Deadpool 2,2018-06-04,"$2,646,473","$257,152,508"
Deadpool 2,2018-06-05,"$3,407,258","$260,559,766"
Deadpool 2,2018-06-06,"$2,269,181","$262,828,947"
Deadpool 2,2018-06-07,"$2,186,594","$265,015,541"
Deadpool 2,2018-06-08,"$3,810,006","$268,825,547"
Deadpool 2,2018-06-09,"$5,900,670","$274,726,217"
Deadpool 2,2018-06-10,"$4,437,841","$279,164,058"
Deadpool 2,2018-06-11,"$1,705,700","$280,869,758"
Deadpool 2,2018-06-12,"$2,071,217","$282,940,975"
Deadpool 2,2018-06-13,"$1,604,307","$284,545,282"
Deadpool 2,2018-06-14,"$1,335,526","$285,880,808"
Deadpool 2,2018-06-15,"$2,333,570","$288,214,378"
Deadpool 2,2018-06-16,"$3,288,230","$291,502,608"
Deadpool 2,2018-06-17,"$3,059,701","$294,562,309"
Deadpool 2,2018-06-18,"$1,101,022","$295,663,331"
Deadpool 2,2018-06-19,"$1,337,559","$297,000,890"
Deadpool 2,2018-06-20,"$1,032,658","$298,033,548"
Deadpool 2,2018-06-21,"$866,773","$298,900,321"
Deadpool 2,2018-06-22,"$1,500,179","$300,400,500"
Deadpool 2,2018-06-23,"$2,202,873","$302,603,373"
Deadpool 2,2018-06-24,"$1,568,830","$304,172,203"
Deadpool 2,2018-06-25,"$641,157","$304,813,360"
Deadpool 2,2018-06-26,"$817,150","$305,630,510"
Deadpool 2,2018-06-27,"$657,334","$306,287,844"
Deadpool 2,2018-06-28,"$612,014","$306,899,858"
Deadpool 2,2018-06-29,"$1,003,863","$307,903,721"
Deadpool 2,2018-06-30,"$1,435,631","$309,339,352"
Deadpool 2,2018-07-01,"$1,134,957","$310,474,309"
Deadpool 2,2018-07-02,"$608,632","$311,082,941"
Deadpool 2,2018-07-03,"$703,757","$311,786,698"
Deadpool 2,2018-07-04,"$681,243","$312,467,941"
Deadpool 2,2018-07-05,"$403,459","$312,871,400"
Deadpool 2,2018-07-06,"$531,165","$313,402,565"
Deadpool 2,2018-07-07,"$680,454","$314,083,019"
Deadpool 2,2018-07-08,"$463,455","$314,546,474"
Deadpool 2,2018-07-09,"$235,450","$314,781,924"
Deadpool 2,2018-07-10,"$291,109","$315,073,033"
Deadpool 2,2018-07-11,"$222,604","$315,295,637"
Deadpool 2,2018-07-12,"$159,983","$315,455,620"
Deadpool 2,2018-07-13,"$232,034","$315,687,654"
Deadpool 2,2018-07-14,"$344,545","$316,032,199"
Deadpool 2,2018-07-15,"$210,208","$316,242,407"
Deadpool 2,2018-07-16,"$104,398","$316,346,805"
Deadpool 2,2018-07-17,"$128,049","$316,474,854"
Deadpool 2,2018-07-18,"$95,917","$316,570,771"
Deadpool 2,2018-07-19,"$76,669","$316,647,440"
Deadpool 2,2018-07-20,"$131,640","$316,779,080"
Deadpool 2,2018-07-21,"$197,539","$316,976,619"
Deadpool 2,2018-07-22,"$146,960","$317,123,579"
Deadpool 2,2018-07-23,"$67,769","$317,191,348"
Deadpool 2,2018-07-24,"$85,243","$317,276,591"
Deadpool 2,2018-07-25,"$71,258","$317,347,849"
Deadpool 2,2018-07-26,"$51,005","$317,398,854"
Deadpool 2,2018-07-27,"$81,283","$317,480,137"
Deadpool 2,2018-07-28,"$113,968","$317,594,105"
Deadpool 2,2018-07-29,"$83,717","$317,677,822"
Deadpool 2,2018-07-30,"$39,210","$317,717,032"
Deadpool 2,2018-07-31,"$47,897","$317,764,929"
Deadpool 2,2018-08-01,"$41,142","$317,806,071"
Deadpool 2,2018-08-02,"$33,458","$317,839,529"
Deadpool 2,2018-08-03,"$51,034","$317,890,563"
Deadpool 2,2018-08-04,"$70,317","$317,960,880"
Deadpool 2,2018-08-05,"$63,579","$318,024,459"
Deadpool 2,2018-08-06,"$28,736","$318,053,195"
Deadpool 2,2018-08-07,"$27,843","$318,081,038"
Deadpool 2,2018-08-08,"$23,203","$318,104,241"
Deadpool 2,2018-08-09,"$21,155","$318,125,396"
Deadpool 2,2018-08-10,"$27,481","$318,152,877"
Deadpool 2,2018-08-11,"$42,042","$318,194,919"
Deadpool 2,2018-08-12,"$28,929","$318,223,848"
Deadpool 2,2018-08-13,"$12,433","$318,236,281"
Deadpool 2,2018-08-14,"$16,323","$318,252,604"
Deadpool 2,2018-08-15,"$14,278","$318,266,882"
Deadpool 2,2018-08-16,"$11,729","$318,278,611"
Deadpool 2,2018-08-17,"$16,383","$318,294,994"
Deadpool 2,2018-08-18,"$24,676","$318,319,670"
Deadpool 2,2018-08-19,"$17,707","$318,337,377"
Deadpool 2,2018-08-20,"$7,167","$318,344,544"
Deadpool 2,2018-08-21,"$8,513","$318,353,057"
Deadpool 2,2018-08-22,"$6,445","$318,359,502"
Deadpool 2,2018-08-23,"$5,915","$318,365,417"
Deadpool 2,2018-08-24,"$9,017","$318,374,434"
Deadpool 2,2018-08-25,"$14,474","$318,388,908"
Deadpool 2,2018-08-26,"$9,779","$318,398,687"
Deadpool 2,2018-08-27,"$3,936","$318,402,623"
Deadpool 2,2018-08-28,"$5,140","$318,407,763"
Deadpool 2,2018-08-29,"$4,161","$318,411,924"
Deadpool 2,2018-08-30,"$3,598","$318,415,522"
Deadpool 2,2018-08-31,"$5,718","$318,421,240"
Deadpool 2,2018-09-01,"$17,344","$318,438,584"
Deadpool 2,2018-09-02,"$10,834","$318,449,418"
Deadpool 2,2018-09-03,"$4,951","$318,454,369"
Deadpool 2,2018-09-04,"$1,547","$318,455,916"
Deadpool 2,2018-09-05,"$1,361","$318,457,277"
Deadpool 2,2018-09-06,"$1,285","$318,458,562"
Deadpool 2,2018-09-07,"$2,049","$318,460,611"
Deadpool 2,2018-09-08,"$3,674","$318,464,285"
Deadpool 2,2018-09-09,"$1,593","$318,465,878"
Deadpool 2,2018-09-10,$672,"$318,466,550"
Deadpool 2,2018-09-11,$740,"$318,467,290"
Deadpool 2,2018-09-12,$639,"$318,467,929"
Deadpool 2,2018-09-13,$953,"$318,468,882"
Deadpool 2,2018-09-14,"$4,027","$318,472,909"
Deadpool 2,2018-09-15,"$6,483","$318,479,392"
Deadpool 2,2018-09-16,"$1,539","$318,480,931"
Deadpool 2,2018-09-17,$294,"$318,481,225"
Deadpool 2,2018-09-18,$439,"$318,481,664"
Deadpool 2,2018-09-19,$357,"$318,482,021"
Deadpool 2,2018-09-20,$379,"$318,482,400"
